{"accuracy": [0.6170993447303772, 0.8608009219169617, 0.9167508482933044, 0.9397823214530945, 0.9557721018791199, 0.9648054838180542, 0.9720748066902161, 0.9760153889656067, 0.978988528251648, 0.9816914200782776], "loss": [1.2915159463882446, 0.4365447759628296, 0.25883132219314575, 0.18377958238124847, 0.13481390476226807, 0.10660704970359802, 0.08449151366949081, 0.0723189264535904, 0.06518218666315079, 0.056245170533657074], "val_accuracy": [0.8463464379310608, 0.8774186372756958, 0.9379695057868958, 0.9367744326591492, 0.9568063020706177, 0.9388231039047241, 0.954245388507843, 0.9540177583694458, 0.9716594815254211, 0.9668222069740295], "val_loss": [0.48989832401275635, 0.3727293908596039, 0.18651077151298523, 0.20289018750190735, 0.13820616900920868, 0.19483985006809235, 0.14801064133644104, 0.16064245998859406, 0.09115444868803024, 0.10918547213077545]}